User_Id,Place_Id,Culinary_Ratings
1,5,5
1,15,3
1,20,4
1,21,2
1,41,5
1,48,2
1,67,4
1,76,2
1,89,3
1,101,4
1,103,3
1,154,2
1,179,3
1,208,5
1,222,3
1,246,4
1,258,5
1,265,5
1,292,3
1,302,2
1,307,4
1,312,2
1,328,2
1,328,2
1,336,4
1,344,2
2,2,5
2,18,5
2,23,3
2,78,5
2,85,4
2,105,2
2,107,2
2,111,2
2,147,2
2,166,2
2,167,2
2,176,3
2,185,2
2,208,5
2,208,3
2,262,3
2,281,2
2,321,3
2,322,4
2,367,2
2,371,3
3,17,5
3,24,4
3,33,4
3,48,2
3,54,2
3,70,3
3,86,4
3,100,4
3,104,3
3,105,5
3,118,2
3,128,5
3,131,4
3,134,3
3,176,2
3,193,2
3,198,5
3,202,5
3,202,3
3,223,5
3,227,2
3,228,3
3,237,3
3,249,3
3,250,2
3,283,3
3,310,3
3,319,5
4,4,4
4,5,5
4,14,5
4,15,4
4,43,5
4,44,2
4,50,2
4,74,2
4,82,3
4,88,3
4,91,3
4,97,2
4,193,5
4,229,2
4,242,4
4,268,4
4,290,3
4,294,5
4,309,5
4,312,3
4,348,5
5,4,3
5,9,5
5,27,2
5,55,5
5,61,3
5,67,4
5,68,5
5,115,3
5,138,2
5,143,4
5,151,5
5,159,2
5,166,3
5,190,2
5,283,4
5,300,4
5,301,2
5,301,2
5,321,3
5,321,3
5,335,3
5,346,4
5,368,3
6,4,4
6,64,5
6,64,5
6,88,5
6,92,2
6,102,4
6,116,5
6,119,2
6,121,4
6,166,5
6,178,3
6,219,2
6,224,5
6,243,5
6,257,2
6,266,3
6,298,3
6,334,2
6,346,5
6,348,2
6,359,2
7,13,2
7,31,3
7,77,5
7,77,3
7,88,4
7,99,4
7,107,2
7,126,5
7,129,4
7,148,3
7,183,5
7,183,4
7,192,5
7,213,3
7,213,3
7,228,3
7,237,5
7,247,4
7,255,5
7,269,3
7,290,4
7,296,3
7,298,4
7,303,4
8,25,5
8,30,3
8,45,2
8,56,2
8,89,3
8,98,5
8,98,2
8,130,3
8,143,5
8,158,5
8,164,5
8,173,3
8,202,3
8,223,5
8,235,4
8,238,3
8,267,4
8,275,3
8,290,2
8,294,4
8,301,3
8,306,4
8,306,2
8,322,5
8,368,2
9,28,5
9,30,3
9,30,2
9,54,3
9,55,4
9,95,5
9,105,2
9,188,4
9,196,4
9,204,2
9,204,2
9,206,3
9,211,3
9,225,5
9,233,4
9,233,5
9,242,3
9,246,5
9,253,4
9,264,3
9,265,4
9,304,4
9,310,4
9,331,4
9,341,5
10,12,2
10,18,5
10,23,2
10,35,4
10,36,4
10,42,3
10,63,5
10,67,5
10,75,4
10,77,2
10,90,5
10,95,5
10,134,5
10,145,3
10,159,2
10,168,5
10,197,3
10,205,5
10,230,4
10,234,3
10,236,4
10,268,3
10,280,4
10,280,5
10,284,3
10,339,3
10,344,3
11,5,5
11,6,5
11,6,2
11,11,3
11,37,5
11,41,3
11,82,2
11,88,3
11,97,4
11,107,3
11,109,2
11,127,3
11,149,2
11,150,2
11,151,5
11,186,4
11,206,2
11,226,2
11,229,2
11,236,2
11,310,3
11,322,5
11,341,4
11,355,4
12,5,5
12,27,2
12,27,3
12,30,5
12,46,4
12,49,5
12,52,3
12,65,2
12,71,5
12,72,5
12,75,5
12,82,4
12,94,5
12,98,2
12,102,5
12,128,2
12,139,4
12,141,2
12,154,5
12,183,5
12,194,3
12,203,5
12,226,4
12,236,3
12,265,4
12,274,4
12,293,5
12,301,5
12,302,3
12,312,5
12,369,5
13,20,2
13,56,5
13,65,2
13,75,5
13,114,5
13,129,4
13,142,5
13,156,3
13,163,4
13,177,2
13,178,2
13,191,2
13,214,5
13,229,2
13,242,3
13,245,4
13,265,4
13,290,2
13,296,2
13,371,5
14,8,4
14,11,2
14,50,2
14,54,2
14,59,3
14,67,5
14,88,2
14,91,5
14,96,2
14,118,4
14,167,3
14,167,4
14,171,3
14,173,5
14,186,4
14,227,4
14,230,5
14,233,3
14,249,5
14,259,5
14,274,4
14,294,2
14,304,3
14,325,3
14,328,5
14,344,2
14,362,2
14,368,3
14,371,4
15,9,4
15,21,2
15,23,5
15,27,3
15,74,3
15,90,5
15,95,3
15,119,4
15,142,2
15,153,5
15,170,3
15,187,4
15,207,4
15,219,2
15,239,3
15,248,2
15,248,4
15,260,5
15,275,2
15,277,3
15,284,2
15,297,4
15,298,3
15,321,2
15,340,3
15,342,5
15,348,2
15,355,5
15,357,3
15,360,3
15,365,5
15,367,5
15,369,4
16,26,2
16,30,4
16,67,4
16,68,2
16,73,2
16,89,3
16,121,3
16,121,4
16,132,5
16,150,4
16,167,3
16,201,3
16,203,4
16,237,4
16,252,2
16,264,2
16,266,4
16,270,5
16,275,4
16,292,2
16,322,5
16,347,3
16,359,5
17,2,3
17,3,2
17,11,3
17,16,4
17,19,2
17,27,4
17,32,2
17,33,5
17,37,2
17,47,4
17,70,2
17,78,4
17,92,3
17,98,5
17,104,4
17,134,4
17,145,3
17,154,5
17,173,5
17,181,2
17,199,3
17,210,4
17,236,3
17,237,3
17,256,4
17,262,2
17,265,4
17,267,5
17,279,4
17,288,4
17,289,4
17,307,3
17,308,2
17,318,5
17,321,3
17,330,3
17,339,2
17,346,2
17,371,4
17,371,3
18,8,3
18,46,4
18,49,4
18,50,4
18,54,4
18,71,4
18,80,5
18,80,5
18,88,3
18,101,5
18,102,3
18,111,4
18,113,2
18,147,4
18,151,5
18,176,5
18,182,5
18,184,3
18,185,3
18,197,2
18,201,5
18,235,5
18,245,4
18,260,4
18,261,2
18,272,3
18,332,2
18,357,4
19,9,3
19,15,4
19,34,5
19,38,5
19,38,5
19,42,2
19,56,3
19,84,2
19,112,3
19,124,4
19,127,5
19,151,3
19,165,4
19,168,3
19,170,5
19,192,5
19,192,3
19,194,5
19,195,4
19,197,5
19,203,2
19,205,3
19,210,5
19,212,3
19,213,2
19,228,2
19,247,3
19,252,5
19,295,3
19,317,3
19,327,4
19,331,3
19,333,4
19,344,2
19,346,4
20,9,2
20,21,3
20,22,3
20,46,3
20,67,4
20,81,3
20,83,3
20,84,3
20,90,2
20,99,2
20,108,4
20,136,3
20,142,2
20,145,2
20,159,4
20,163,2
20,192,2
20,202,5
20,227,5
20,239,4
20,278,3
20,302,5
20,327,5
20,335,4
20,344,2
20,346,3
20,349,2
20,360,2
21,44,2
21,45,2
21,64,3
21,74,3
21,88,5
21,101,4
21,102,2
21,113,3
21,121,2
21,147,3
21,177,4
21,209,3
21,233,4
21,241,4
21,296,2
21,323,2
21,362,2
22,17,3
22,18,5
22,24,5
22,37,5
22,54,4
22,62,4
22,68,2
22,77,3
22,78,2
22,84,2
22,103,5
22,113,2
22,124,3
22,135,3
22,137,2
22,139,5
22,169,3
22,176,3
22,179,4
22,197,2
22,242,4
22,244,2
22,274,3
22,315,3
22,322,4
22,348,4
22,366,2
23,6,2
23,18,4
23,29,2
23,49,3
23,60,4
23,60,3
23,85,4
23,97,5
23,112,5
23,142,4
23,147,5
23,151,2
23,152,3
23,156,4
23,165,4
23,177,4
23,190,3
23,202,3
23,209,4
23,212,4
23,223,3
23,240,4
23,260,4
23,281,5
23,307,4
23,336,2
23,339,3
23,348,5
24,24,2
24,29,3
24,33,2
24,66,3
24,91,5
24,96,2
24,98,4
24,113,2
24,148,3
24,161,4
24,163,2
24,191,5
24,192,4
24,200,2
24,219,4
24,264,2
24,311,5
24,319,5
24,327,2
24,338,2
24,344,3
25,14,5
25,33,4
25,52,3
25,53,2
25,60,2
25,85,2
25,88,5
25,89,3
25,94,4
25,116,3
25,172,4
25,183,3
25,190,3
25,206,3
25,250,5
25,253,4
25,268,3
25,272,4
25,286,4
25,299,3
25,326,3
25,328,4
25,336,3
25,337,5
25,352,2
25,368,3
25,371,4
26,4,3
26,14,5
26,15,2
26,15,2
26,36,5
26,49,3
26,53,5
26,83,5
26,93,3
26,125,5
26,137,3
26,148,5
26,160,4
26,162,2
26,167,5
26,173,4
26,203,3
26,208,4
26,211,2
26,239,3
26,246,3
26,250,4
26,251,5
26,260,5
26,275,5
26,280,3
26,297,3
26,300,4
26,319,5
26,323,5
26,356,3
26,369,3
27,46,3
27,48,3
27,70,4
27,75,5
27,78,3
27,81,2
27,92,3
27,95,2
27,95,4
27,96,2
27,103,5
27,116,5
27,121,3
27,123,5
27,158,3
27,174,2
27,181,5
27,182,3
27,183,3
27,185,3
27,212,5
27,221,2
27,221,4
27,225,5
27,263,2
27,283,2
27,295,3
27,302,3
27,308,4
27,311,3
27,316,4
27,333,2
27,338,3
27,369,4
28,16,4
28,28,2
28,60,4
28,74,4
28,82,2
28,83,5
28,90,3
28,92,5
28,96,4
28,110,5
28,131,5
28,143,5
28,158,2
28,163,5
28,165,2
28,168,4
28,190,4
28,201,2
28,212,3
28,215,5
28,228,4
28,269,4
28,283,5
28,286,5
28,288,2
28,297,5
28,312,5
28,336,3
28,344,4
28,353,5
28,357,3
28,358,4
28,359,3
28,364,3
29,19,3
29,28,2
29,32,3
29,38,4
29,40,5
29,41,4
29,41,3
29,62,3
29,68,5
29,95,3
29,104,3
29,114,2
29,123,3
29,124,2
29,144,5
29,168,3
29,174,3
29,193,2
29,202,3
29,213,3
29,246,3
29,266,2
29,267,5
29,291,2
29,298,2
29,300,4
29,322,5
29,328,5
29,342,5
30,2,2
30,45,3
30,71,4
30,76,2
30,83,2
30,118,5
30,120,2
30,157,5
30,164,4
30,172,2
30,196,5
30,200,5
30,207,2
30,216,4
30,219,2
30,226,4
30,236,5
30,237,2
30,263,2
30,269,3
30,272,2
30,277,2
30,282,5
30,294,2
30,313,5
30,317,3
30,323,3
30,323,4
30,346,3
31,6,2
31,37,2
31,39,3
31,43,3
31,84,5
31,86,3
31,94,4
31,101,2
31,102,3
31,105,3
31,107,5
31,110,2
31,126,5
31,130,2
31,142,3
31,177,5
31,187,3
31,191,2
31,200,5
31,215,3
31,229,2
31,231,5
31,238,4
31,244,4
31,251,2
31,267,4
31,273,5
31,291,2
31,300,5
31,322,2
31,324,2
31,327,2
31,328,3
31,329,3
31,345,2
32,54,2
32,62,3
32,62,3
32,76,3
32,77,2
32,79,3
32,122,4
32,141,2
32,147,2
32,166,2
32,200,4
32,236,3
32,241,4
32,246,4
32,256,3
32,279,4
32,282,5
32,297,3
32,298,5
32,312,5
32,322,3
32,323,4
32,328,3
32,336,5
32,344,3
32,357,2
32,359,3
32,362,5
32,367,3
33,8,4
33,23,3
33,34,3
33,36,2
33,38,2
33,39,5
33,61,4
33,74,5
33,75,2
33,78,4
33,84,2
33,113,3
33,122,2
33,129,2
33,134,4
33,134,5
33,136,5
33,145,3
33,150,5
33,213,2
33,224,2
33,236,5
33,264,2
33,265,4
33,268,3
33,275,4
33,296,2
33,303,3
33,304,3
33,324,3
33,337,4
33,369,3
34,16,5
34,16,5
34,24,4
34,46,5
34,103,3
34,120,2
34,174,2
34,176,4
34,183,3
34,190,4
34,190,3
34,197,3
34,204,4
34,230,4
34,230,4
34,247,4
34,261,3
34,266,3
34,281,3
34,303,3
34,341,3
34,341,3
34,342,4
35,5,4
35,39,2
35,60,3
35,82,5
35,113,3
35,126,3
35,136,3
35,158,2
35,185,2
35,188,3
35,188,2
35,241,2
35,254,5
35,279,5
35,301,4
35,304,2
35,308,4
35,316,2
35,318,2
35,319,4
35,328,4
35,330,3
35,330,4
35,336,2
35,343,2
35,344,4
36,1,4
36,4,2
36,23,5
36,24,3
36,32,5
36,39,2
36,43,4
36,68,2
36,95,2
36,117,5
36,128,4
36,133,3
36,136,3
36,138,4
36,139,4
36,162,3
36,172,5
36,181,3
36,209,2
36,214,5
36,216,2
36,216,3
36,230,5
36,242,3
36,250,2
36,274,4
36,278,3
36,315,3
36,318,3
36,354,3
37,34,4
37,43,5
37,52,2
37,60,5
37,63,5
37,93,5
37,103,3
37,132,3
37,167,5
37,213,4
37,256,2
37,260,3
37,267,4
37,287,5
37,300,5
37,311,2
37,312,2
37,316,2
37,324,4
37,326,3
37,330,3
37,344,5
37,366,2
37,367,3
37,371,2
38,1,2
38,4,4
38,17,3
38,40,2
38,40,5
38,41,2
38,53,5
38,58,2
38,69,5
38,86,4
38,117,5
38,118,4
38,132,5
38,155,3
38,173,2
38,195,4
38,202,3
38,208,5
38,215,5
38,224,5
38,225,3
38,227,3
38,236,2
38,237,4
38,264,3
38,265,4
38,269,3
38,274,2
38,285,2
38,290,2
38,298,3
38,312,4
38,326,5
38,349,4
38,354,5
38,364,3
38,365,5
39,36,5
39,55,4
39,85,5
39,93,4
39,98,4
39,110,4
39,167,3
39,208,3
39,218,5
39,220,4
39,241,4
39,254,4
39,260,3
39,269,3
39,305,5
39,319,2
39,322,4
39,340,3
39,356,4
39,360,4
39,360,3
39,362,3
39,366,4
39,371,4
40,21,4
40,24,5
40,37,4
40,37,4
40,49,5
40,59,5
40,62,5
40,63,4
40,82,3
40,86,2
40,87,2
40,91,3
40,99,3
40,103,3
40,106,4
40,159,4
40,174,4
40,178,2
40,179,3
40,184,3
40,185,4
40,189,5
40,192,2
40,196,2
40,196,4
40,197,5
40,203,4
40,211,3
40,211,2
40,214,3
40,215,5
40,216,2
40,247,3
40,252,3
40,255,2
40,257,2
40,284,3
40,298,5
40,332,5
40,333,2
40,349,2
40,358,2
40,371,3
41,45,4
41,63,2
41,67,4
41,88,4
41,99,2
41,148,4
41,162,4
41,175,3
41,187,2
41,193,3
41,203,2
41,308,4
41,324,2
41,335,5
41,336,2
41,351,2
41,363,2
42,27,3
42,44,4
42,48,3
42,84,2
42,102,5
42,103,4
42,107,5
42,180,5
42,185,5
42,202,3
42,239,2
42,265,2
42,267,3
42,274,5
42,281,4
42,298,2
42,300,2
42,306,5
42,310,2
42,310,3
42,312,5
42,324,2
42,341,2
42,343,4
43,2,3
43,6,3
43,26,2
43,52,5
43,53,5
43,58,5
43,82,3
43,85,4
43,86,5
43,89,5
43,91,5
43,99,4
43,167,4
43,201,3
43,204,2
43,205,3
43,234,4
43,279,5
43,282,2
43,316,2
43,322,2
43,330,2
43,366,2
44,14,4
44,21,4
44,22,4
44,79,3
44,80,4
44,88,4
44,89,2
44,96,2
44,109,3
44,112,5
44,127,5
44,135,3
44,141,3
44,178,5
44,199,5
44,202,5
44,210,3
44,213,3
44,241,4
44,249,4
44,251,3
44,284,3
44,308,5
44,309,3
44,313,3
44,315,4
44,317,4
44,319,2
44,322,2
44,331,3
44,345,2
44,355,3
44,368,4
45,20,5
45,23,4
45,38,3
45,45,2
45,50,2
45,75,3
45,77,2
45,78,5
45,80,3
45,84,3
45,94,4
45,109,2
45,123,4
45,133,5
45,146,4
45,147,5
45,148,3
45,157,4
45,180,5
45,197,3
45,199,3
45,227,5
45,232,3
45,239,3
45,242,5
45,269,2
45,281,4
45,289,3
45,293,4
45,293,5
45,294,5
45,296,3
45,304,3
45,331,5
45,333,5
45,337,5
45,359,2
45,365,2
46,2,5
46,31,2
46,34,5
46,39,4
46,43,3
46,55,2
46,56,4
46,89,4
46,102,2
46,103,2
46,107,4
46,114,4
46,145,2
46,154,5
46,156,3
46,169,5
46,174,5
46,174,3
46,193,4
46,238,5
46,272,5
46,309,3
46,315,3
46,319,5
46,321,5
46,331,4
46,360,4
47,8,5
47,15,2
47,20,1
47,24,2
47,29,1
47,62,3
47,117,1
47,118,2
47,123,2
47,133,2
47,136,1
47,163,2
47,183,4
47,197,1
47,200,5
47,212,3
47,218,1
47,220,2
47,228,2
47,250,3
47,314,3
47,345,3
48,38,1
48,50,3
48,69,1
48,73,1
48,82,2
48,94,1
48,141,5
48,196,5
48,219,1
48,221,4
48,224,1
48,241,5
48,264,4
48,270,4
48,314,5
48,320,4
48,325,1
48,357,2
49,24,3
49,30,5
49,31,2
49,32,4
49,41,4
49,53,1
49,68,3
49,74,4
49,80,5
49,90,1
49,90,1
49,114,4
49,118,2
49,122,4
49,127,1
49,134,5
49,152,3
49,158,3
49,178,5
49,179,5
49,227,3
49,233,2
49,236,5
49,248,4
49,251,2
49,273,1
49,274,1
49,283,1
49,291,4
49,305,5
49,307,1
49,309,4
49,318,1
49,338,3
49,339,5
49,345,1
49,349,5
49,368,1
50,8,3
50,27,3
50,28,3
50,34,4
50,35,2
50,41,4
50,46,2
50,81,4
50,89,5
50,109,5
50,110,1
50,151,2
50,168,2
50,170,2
50,180,5
50,181,3
50,191,1
50,207,1
50,216,1
50,218,2
50,257,2
50,289,3
50,315,2
50,324,2
50,358,4
51,16,1
51,19,1
51,33,3
51,45,2
51,46,2
51,73,5
51,74,2
51,93,1
51,107,2
51,141,4
51,144,1
51,149,4
51,160,3
51,176,2
51,220,3
51,268,5
51,276,4
51,277,3
51,289,2
51,313,2
51,315,3
51,323,2
51,330,1
51,342,5
51,344,5
51,355,4
51,357,5
52,13,1
52,35,5
52,47,5
52,52,2
52,53,5
52,55,2
52,70,5
52,85,1
52,112,5
52,202,4
52,203,5
52,216,2
52,217,4
52,261,5
52,275,2
52,277,4
52,280,1
52,321,4
52,325,1
52,329,2
52,330,4
52,331,4
52,344,2
52,352,1
52,366,4
53,4,2
53,5,4
53,23,1
53,28,5
53,43,2
53,45,5
53,48,4
53,48,5
53,57,1
53,65,4
53,102,1
53,103,2
53,109,2
53,123,2
53,135,5
53,163,1
53,173,2
53,174,2
53,177,5
53,190,4
53,193,1
53,207,3
53,207,1
53,216,3
53,219,5
53,240,2
53,242,5
53,279,3
53,283,5
53,285,4
53,286,2
53,288,2
53,295,2
53,295,1
53,313,2
53,331,5
53,346,5
53,348,2
54,16,3
54,16,1
54,24,4
54,24,2
54,51,3
54,74,1
54,103,3
54,103,4
54,114,2
54,121,1
54,127,1
54,135,2
54,138,5
54,148,4
54,150,1
54,159,3
54,185,3
54,189,4
54,190,5
54,220,3
54,228,2
54,232,4
54,244,2
54,244,4
54,263,5
54,268,2
54,278,3
54,291,4
54,296,4
54,300,4
54,302,1
54,302,2
54,312,3
54,316,5
54,361,1
54,363,1
54,369,2
55,3,4
55,43,3
55,67,3
55,70,4
55,75,4
55,89,4
55,90,5
55,95,3
55,97,3
55,106,4
55,113,3
55,145,5
55,157,3
55,184,3
55,186,2
55,198,1
55,205,2
55,221,2
55,222,1
55,226,5
55,241,3
55,244,1
55,272,1
55,273,2
55,279,5
55,295,4
55,310,2
55,312,4
55,335,2
56,2,2
56,11,2
56,19,5
56,53,2
56,67,2
56,99,1
56,103,4
56,112,1
56,134,1
56,136,4
56,149,5
56,153,1
56,170,5
56,186,5
56,190,2
56,200,3
56,217,3
56,221,4
56,225,3
56,225,2
56,249,5
56,250,1
56,258,2
56,264,2
56,267,4
56,273,2
56,291,4
56,323,4
56,362,2
56,369,2
57,2,4
57,17,1
57,23,3
57,33,3
57,40,4
57,41,4
57,45,3
57,50,2
57,56,3
57,79,3
57,95,4
57,99,1
57,111,2
57,114,1
57,126,1
57,129,4
57,135,4
57,144,4
57,157,2
57,162,2
57,180,2
57,180,1
57,225,3
57,248,5
57,254,3
57,266,3
57,269,1
57,278,5
57,314,1
57,336,3
57,339,1
58,13,1
58,16,4
58,18,1
58,38,5
58,42,2
58,47,2
58,50,2
58,52,5
58,64,2
58,64,1
58,89,2
58,111,3
58,114,2
58,135,4
58,144,1
58,154,4
58,188,2
58,231,4
58,252,2
58,275,1
58,285,1
58,288,3
58,300,4
58,324,4
58,327,3
58,348,3
58,352,5
59,2,1
59,19,4
59,35,3
59,68,5
59,79,5
59,81,5
59,95,1
59,143,1
59,147,5
59,157,1
59,171,1
59,236,2
59,243,3
59,247,5
59,247,1
59,252,2
59,255,4
59,286,2
59,292,5
59,296,5
59,298,5
59,303,2
59,304,1
59,307,2
59,312,5
59,319,4
59,324,1
59,338,5
59,353,4
59,369,1
60,23,1
60,50,4
60,85,2
60,92,4
60,107,3
60,119,4
60,129,2
60,131,4
60,150,1
60,181,3
60,188,3
60,234,3
60,236,4
60,240,3
60,271,4
60,296,2
60,337,1
61,9,3
61,12,4
61,20,4
61,25,2
61,26,2
61,43,3
61,79,2
61,96,3
61,100,4
61,109,4
61,119,2
61,120,3
61,132,2
61,139,5
61,142,5
61,144,1
61,146,3
61,154,5
61,164,5
61,167,5
61,197,1
61,243,4
61,249,5
61,255,5
61,301,3
61,328,1
61,329,1
61,360,4
61,360,3
61,361,5
61,366,5
62,26,5
62,43,2
62,47,5
62,59,2
62,65,1
62,71,5
62,119,4
62,120,5
62,126,4
62,130,5
62,131,4
62,131,1
62,170,2
62,191,5
62,212,1
62,218,4
62,224,3
62,240,3
62,249,2
62,259,5
62,263,2
62,283,1
62,284,2
62,345,4
62,359,5
62,370,1
63,15,1
63,21,4
63,22,3
63,27,3
63,61,3
63,63,4
63,71,2
63,110,1
63,116,2
63,125,1
63,159,3
63,163,1
63,183,4
63,187,2
63,206,5
63,225,1
63,236,1
63,250,1
63,251,5
63,258,4
63,265,3
63,269,3
63,278,3
63,280,1
63,313,4
63,336,5
63,339,4
63,359,1
63,366,2
63,367,2
64,1,2
64,9,1
64,15,5
64,26,1
64,50,5
64,53,3
64,71,4
64,88,3
64,91,3
64,97,4
64,112,4
64,121,4
64,126,4
64,128,2
64,135,3
64,142,5
64,169,1
64,181,1
64,207,3
64,234,1
64,243,3
64,257,4
64,291,3
64,305,2
64,316,4
64,340,5
64,353,1
64,354,5
64,359,4
64,360,1
64,363,3
64,367,2
65,6,5
65,8,1
65,18,4
65,25,1
65,25,5
65,32,5
65,44,5
65,49,2
65,59,2
65,66,3
65,74,4
65,75,1
65,84,2
65,117,4
65,159,1
65,161,1
65,164,5
65,169,1
65,213,3
65,221,4
65,229,2
65,243,1
65,246,3
65,246,4
65,252,5
65,263,5
65,273,5
65,290,3
65,303,5
65,312,4
65,314,4
65,329,3
65,338,1
65,365,3
65,368,4
65,370,1
66,19,1
66,21,1
66,23,2
66,24,4
66,33,4
66,43,1
66,67,5
66,95,1
66,96,4
66,117,2
66,166,4
66,192,3
66,194,3
66,198,1
66,208,3
66,213,3
66,215,2
66,244,3
66,272,4
66,276,1
66,280,1
66,296,1
66,308,5
66,320,4
66,329,1
66,364,5
66,366,1
67,23,2
67,28,2
67,33,2
67,55,4
67,56,3
67,67,4
67,75,1
67,89,5
67,95,2
67,96,3
67,111,1
67,116,3
67,144,3
67,146,5
67,150,2
67,160,5
67,195,1
67,199,1
67,204,2
67,207,3
67,227,1
67,227,4
67,236,5
67,276,1
67,286,1
67,294,3
67,300,5
67,307,5
67,314,4
67,330,2
67,331,3
67,341,4
67,354,1
68,6,1
68,30,4
68,36,4
68,80,4
68,85,4
68,114,1
68,123,1
68,127,3
68,138,1
68,138,1
68,157,4
68,167,1
68,186,2
68,208,2
68,214,2
68,217,3
68,231,5
68,241,4
68,241,5
68,244,5
68,256,3
68,276,4
68,284,4
68,285,5
68,310,2
68,314,5
68,319,2
68,345,5
68,357,2
69,18,1
69,44,2
69,53,5
69,113,1
69,120,1
69,127,3
69,155,3
69,219,2
69,246,5
69,255,4
69,258,2
69,262,1
69,267,2
69,276,3
69,292,1
69,327,3
69,328,5
69,352,3
69,352,1
69,352,4
69,371,2
70,31,5
70,55,2
70,80,3
70,87,5
70,89,1
70,122,2
70,131,5
70,161,5
70,167,2
70,172,4
70,196,5
70,211,5
70,227,5
70,231,1
70,245,1
70,248,5
70,285,3
70,287,3
70,292,5
70,319,3
70,323,4
70,330,4
70,335,3
70,336,4
71,15,2
71,29,2
71,40,3
71,78,5
71,83,5
71,91,1
71,96,4
71,101,1
71,125,3
71,134,2
71,136,5
71,152,2
71,162,4
71,163,5
71,168,1
71,197,5
71,198,5
71,200,3
71,214,2
71,218,4
71,227,1
71,245,1
71,276,3
71,281,4
71,284,5
71,284,3
71,295,3
71,319,2
71,320,1
71,343,2
71,363,4
71,364,3
71,365,2
71,365,4
72,22,3
72,34,2
72,39,2
72,40,2
72,78,5
72,85,4
72,109,3
72,117,3
72,142,4
72,144,4
72,173,4
72,195,1
72,218,1
72,221,4
72,233,3
72,257,2
72,266,5
72,272,4
72,312,1
72,323,4
72,339,3
72,340,5
72,364,2
72,370,1
73,20,2
73,22,2
73,47,1
73,63,1
73,65,3
73,125,5
73,133,3
73,184,1
73,228,5
73,292,3
73,298,1
73,323,5
73,329,5
73,331,1
73,341,3
73,353,2
73,359,2
73,359,2
73,363,1
73,367,3
74,1,2
74,3,3
74,11,1
74,17,1
74,20,1
74,44,5
74,54,2
74,56,2
74,60,5
74,81,1
74,84,3
74,85,2
74,92,5
74,98,5
74,105,4
74,115,5
74,138,5
74,144,3
74,164,3
74,179,3
74,188,2
74,193,3
74,219,3
74,230,1
74,260,4
74,292,4
74,294,4
74,313,1
74,325,3
74,331,4
74,344,1
74,350,4
75,2,5
75,10,2
75,13,5
75,54,3
75,64,2
75,76,2
75,80,3
75,127,3
75,134,3
75,135,5
75,149,5
75,164,4
75,173,4
75,180,4
75,187,1
75,190,2
75,242,5
75,251,4
75,279,1
75,293,2
75,309,5
75,327,4
75,344,3
75,355,3
75,359,4
76,38,3
76,42,1
76,47,2
76,50,3
76,52,2
76,70,1
76,105,2
76,118,4
76,169,3
76,170,4
76,175,5
76,176,5
76,179,1
76,192,3
76,195,5
76,244,3
76,266,1
76,276,1
76,291,4
76,299,1
76,316,2
76,338,1
76,344,1
76,352,4
76,356,3
76,363,3
76,366,2
76,367,1
77,32,4
77,55,5
77,78,3
77,126,3
77,127,2
77,163,1
77,167,5
77,167,5
77,181,3
77,191,5
77,253,1
77,257,3
77,259,1
77,272,3
77,272,5
77,274,2
77,276,3
77,306,5
77,314,4
77,318,4
77,324,3
77,340,3
77,346,2
78,7,4
78,7,2
78,11,2
78,59,1
78,62,5
78,68,1
78,76,4
78,108,3
78,113,4
78,117,5
78,120,3
78,151,3
78,155,5
78,169,4
78,181,1
78,199,5
78,226,4
78,232,3
78,245,4
78,248,4
78,248,3
78,260,5
78,276,2
78,285,2
78,291,5
78,293,5
78,300,4
78,307,5
78,321,4
78,326,4
78,341,1
78,368,4
79,12,2
79,13,5
79,14,3
79,33,2
79,88,4
79,92,2
79,92,3
79,93,1
79,94,3
79,132,2
79,139,5
79,144,1
79,167,5
79,177,2
79,177,3
79,182,1
79,184,2
79,228,5
79,241,2
79,254,5
79,262,1
79,272,3
79,297,5
79,300,4
79,314,3
79,319,3
79,329,4
79,333,2
79,346,3
80,26,1
80,34,3
80,42,4
80,53,2
80,66,4
80,70,3
80,100,1
80,108,2
80,150,3
80,164,5
80,173,4
80,173,1
80,210,5
80,246,3
80,272,2
80,272,1
80,274,2
80,275,2
80,282,2
80,291,1
80,312,1
80,323,2
80,349,1
80,355,3
80,364,2
81,6,2
81,79,3
81,115,3
81,120,1
81,125,1
81,127,4
81,135,3
81,173,2
81,181,1
81,217,1
81,219,2
81,238,2
81,243,2
81,248,2
81,257,3
81,266,1
81,286,3
81,302,4
81,360,5
82,33,4
82,39,4
82,70,5
82,70,2
82,154,2
82,159,1
82,206,2
82,236,4
82,263,3
82,286,2
82,297,1
82,298,1
82,321,5
82,333,2
82,348,5
82,368,4
83,13,2
83,48,5
83,54,5
83,64,2
83,82,3
83,101,3
83,106,4
83,130,3
83,152,1
83,159,2
83,169,3
83,173,4
83,184,1
83,189,5
83,204,4
83,208,4
83,209,1
83,228,4
83,260,1
83,271,4
83,274,1
83,277,5
83,283,5
83,299,3
83,320,4
83,345,4
84,26,3
84,52,5
84,69,4
84,97,4
84,104,1
84,131,2
84,156,2
84,169,1
84,171,4
84,179,4
84,184,2
84,186,3
84,196,5
84,202,4
84,220,3
84,239,5
84,257,3
84,262,5
84,266,1
84,276,4
84,286,4
84,290,1
84,296,1
84,304,3
84,309,5
84,323,4
84,334,4
84,338,5
84,342,3
84,347,5
84,360,4
84,368,2
85,28,1
85,33,4
85,40,1
85,45,5
85,54,2
85,65,1
85,103,4
85,104,3
85,108,3
85,132,3
85,155,4
85,156,4
85,159,2
85,164,3
85,197,5
85,210,5
85,211,5
85,236,1
85,261,1
85,264,2
85,280,1
85,284,5
85,291,2
85,348,1
85,351,1
86,1,4
86,11,5
86,27,5
86,39,1
86,44,5
86,62,2
86,79,5
86,95,4
86,106,5
86,127,1
86,155,1
86,158,3
86,160,1
86,160,5
86,160,4
86,166,1
86,174,4
86,176,3
86,180,3
86,184,4
86,187,3
86,193,1
86,207,4
86,208,3
86,220,2
86,221,2
86,229,4
86,231,3
86,250,4
86,290,3
86,295,3
86,310,1
86,310,5
86,312,1
86,337,5
86,338,1
86,351,2
86,361,5
86,362,2
87,5,4
87,5,3
87,5,5
87,43,1
87,45,3
87,72,2
87,108,2
87,119,1
87,122,4
87,153,4
87,161,4
87,163,4
87,165,5
87,166,4
87,167,4
87,169,1
87,203,3
87,220,3
87,232,4
87,235,1
87,258,1
87,300,5
87,307,2
87,332,4
87,338,1
87,347,4
87,354,3
88,12,4
88,13,1
88,25,2
88,30,1
88,34,3
88,78,2
88,85,1
88,94,3
88,107,1
88,118,2
88,135,4
88,150,5
88,165,1
88,206,1
88,210,3
88,214,3
88,236,1
88,283,2
88,287,1
88,322,2
88,341,2
88,348,3
88,353,1
88,355,3
88,357,2
88,361,3
89,30,1
89,31,3
89,32,3
89,41,4
89,48,1
89,68,3
89,70,5
89,104,4
89,116,5
89,144,2
89,149,4
89,149,3
89,156,5
89,180,2
89,192,2
89,233,3
89,249,5
89,277,4
89,299,1
89,313,2
89,317,4
89,357,2
90,6,1
90,29,4
90,32,2
90,49,2
90,56,4
90,108,2
90,108,2
90,126,1
90,127,3
90,128,4
90,139,3
90,140,1
90,158,2
90,181,1
90,201,3
90,215,2
90,221,4
90,225,3
90,263,2
90,263,5
90,283,3
90,308,3
90,323,5
90,326,2
90,328,3
90,336,4
90,342,3
91,4,1
91,8,5
91,13,5
91,23,1
91,25,1
91,33,4
91,76,5
91,88,2
91,98,2
91,110,3
91,130,1
91,130,2
91,143,3
91,143,5
91,146,5
91,156,2
91,169,2
91,174,5
91,208,5
91,208,4
91,221,4
91,222,5
91,222,4
91,223,4
91,226,3
91,232,1
91,262,1
91,286,3
91,298,5
91,307,1
91,318,2
91,322,4
91,323,2
92,5,3
92,8,5
92,60,3
92,61,5
92,62,1
92,69,4
92,87,1
92,97,5
92,105,5
92,126,3
92,142,4
92,142,3
92,150,4
92,156,5
92,169,5
92,171,5
92,171,1
92,205,2
92,209,4
92,226,3
92,228,4
92,235,3
92,237,5
92,248,4
92,250,4
92,258,3
92,259,3
92,266,1
92,285,4
92,301,1
92,309,5
92,346,3
92,370,2
93,15,2
93,17,3
93,29,2
93,37,5
93,43,1
93,49,4
93,80,5
93,81,1
93,85,5
93,129,4
93,131,3
93,143,3
93,167,3
93,187,3
93,192,5
93,200,2
93,207,1
93,232,4
93,260,3
93,264,2
93,269,2
93,284,2
93,304,2
93,306,4
93,309,2
93,329,4
93,341,5
93,345,5
93,349,5
93,358,4
93,367,1
93,370,2
94,2,5
94,10,4
94,45,5
94,53,3
94,70,5
94,92,2
94,104,2
94,115,5
94,120,4
94,123,2
94,140,5
94,151,2
94,214,2
94,220,2
94,223,4
94,225,3
94,234,1
94,235,4
94,246,2
94,249,3
94,250,3
94,265,1
94,268,3
94,300,3
94,307,4
94,318,1
94,342,3
94,345,1
95,6,2
95,17,3
95,46,5
95,47,3
95,81,4
95,112,5
95,116,4
95,119,2
95,128,3
95,130,2
95,157,5
95,157,3
95,244,1
95,246,4
95,260,4
95,266,4
95,268,1
95,275,4
95,278,3
95,310,3
95,311,5
95,315,4
95,339,3
95,343,4
95,355,4
95,369,2
96,36,3
96,42,4
96,49,5
96,74,4
96,76,2
96,80,3
96,86,2
96,101,2
96,106,1
96,113,3
96,114,1
96,142,5
96,172,2
96,188,5
96,196,3
96,203,2
96,208,3
96,210,1
96,219,3
96,229,1
96,238,2
96,249,3
96,258,5
96,264,4
96,279,3
96,295,3
96,307,1
96,330,1
96,347,4
96,350,2
97,3,1
97,25,2
97,26,3
97,31,3
97,34,3
97,42,2
97,49,5
97,61,1
97,71,2
97,81,2
97,113,5
97,150,2
97,151,3
97,151,2
97,174,4
97,177,5
97,183,3
97,206,1
97,208,2
97,218,4
97,218,2
97,223,2
97,232,4
97,234,2
97,263,5
97,266,1
97,266,4
97,270,4
97,276,1
97,278,2
97,298,3
97,306,4
97,366,5
97,367,4
97,371,3
97,371,4
98,2,3
98,15,4
98,18,1
98,42,3
98,65,4
98,77,3
98,81,3
98,105,5
98,107,1
98,112,2
98,190,2
98,196,5
98,217,4
98,219,2
98,225,3
98,226,2
98,241,5
98,254,3
98,255,1
98,303,2
98,325,2
98,338,3
98,341,2
98,356,2
99,44,3
99,45,3
99,53,5
99,59,4
99,66,4
99,68,5
99,70,3
99,76,4
99,84,4
99,84,1
99,94,3
99,111,5
99,115,4
99,134,3
99,156,4
99,173,2
99,182,5
99,183,1
99,190,5
99,199,5
99,206,5
99,215,5
99,224,3
99,232,4
99,244,2
99,272,4
99,277,5
99,280,1
99,288,4
99,311,1
99,314,4
99,317,1
99,323,4
99,337,1
99,338,2
99,350,4
99,356,2
99,371,2
100,1,1
100,48,5
100,83,2
100,88,3
100,93,3
100,102,5
100,108,3
100,114,2
100,128,5
100,157,5
100,189,1
100,211,1
100,252,1
100,255,5
100,274,4
100,285,2
100,289,1
100,298,2
100,303,2
100,326,1
100,340,3
100,346,3
100,364,3
101,7,3
101,21,2
101,36,5
101,65,3
101,83,5
101,89,1
101,102,1
101,147,4
101,156,3
101,161,1
101,164,4
101,218,3
101,220,3
101,271,3
101,279,4
101,306,2
101,320,3
101,327,3
101,347,5
101,361,1
102,40,2
102,42,2
102,53,3
102,60,5
102,61,1
102,78,2
102,82,5
102,83,3
102,90,5
102,111,3
102,113,1
102,149,1
102,153,3
102,158,1
102,168,2
102,168,1
102,175,2
102,211,3
102,220,4
102,231,3
102,259,2
102,272,5
102,275,3
102,303,1
102,315,5
102,327,2
102,333,5
102,346,5
102,352,2
102,353,3
103,5,2
103,19,5
103,29,1
103,75,3
103,77,2
103,90,4
103,110,2
103,121,4
103,135,2
103,142,2
103,144,3
103,145,3
103,163,1
103,166,4
103,168,5
103,169,5
103,175,3
103,198,1
103,198,1
103,204,5
103,209,1
103,216,1
103,227,1
103,244,2
103,321,3
103,329,3
103,331,1
103,333,4
103,341,5
103,342,5
103,365,5
104,6,5
104,27,3
104,33,3
104,35,1
104,41,4
104,85,1
104,94,5
104,114,3
104,119,1
104,127,4
104,146,3
104,155,4
104,185,2
104,199,4
104,235,4
104,265,2
104,275,3
104,291,5
104,294,2
104,302,1
104,308,5
104,313,4
104,313,2
104,315,2
104,316,1
104,324,3
104,336,3
104,349,3
104,351,4
104,366,3
104,367,2
105,1,5
105,3,5
105,26,4
105,31,1
105,60,5
105,66,2
105,69,5
105,69,2
105,86,4
105,93,5
105,109,1
105,120,1
105,140,2
105,143,3
105,178,4
105,181,1
105,192,5
105,194,3
105,230,5
105,236,1
105,247,5
105,270,1
105,279,5
105,294,5
105,296,4
105,302,3
105,314,1
105,318,5
105,321,4
105,328,5
105,329,2
105,334,4
105,335,4
105,335,5
105,342,4
105,343,2
105,343,3
105,344,2
105,353,3
105,362,3
105,366,4
106,5,2
106,9,1
106,27,1
106,35,4
106,37,5
106,46,5
106,54,5
106,63,2
106,122,5
106,131,5
106,153,5
106,156,3
106,167,3
106,186,1
106,189,4
106,210,3
106,233,2
106,234,2
106,238,2
106,271,3
106,295,5
106,319,1
106,325,2
106,331,2
106,337,4
106,348,2
106,354,1
106,365,2
107,7,2
107,10,2
107,11,2
107,20,4
107,23,4
107,35,3
107,39,1
107,57,1
107,79,3
107,88,1
107,93,3
107,104,3
107,140,2
107,143,5
107,174,1
107,180,5
107,185,3
107,188,4
107,192,2
107,197,4
107,219,2
107,230,3
107,231,2
107,233,5
107,240,5
107,258,3
107,265,5
107,268,4
107,277,1
107,282,4
107,294,4
107,308,4
107,319,2
107,329,2
107,343,5
107,348,2
107,368,2
108,4,1
108,26,4
108,35,2
108,43,1
108,50,2
108,80,2
108,114,5
108,132,5
108,139,5
108,140,2
108,140,4
108,141,5
108,146,3
108,165,5
108,192,2
108,206,3
108,206,2
108,208,3
108,220,4
108,233,1
108,244,1
108,250,4
108,252,3
108,285,3
108,287,2
108,291,3
108,331,5
108,361,4
108,367,3
109,5,5
109,47,2
109,53,5
109,86,5
109,88,3
109,100,4
109,120,1
109,177,2
109,178,5
109,184,3
109,184,1
109,193,3
109,210,2
109,235,1
109,267,4
109,282,3
109,294,3
109,303,5
109,307,2
109,311,4
109,318,5
109,336,5
109,352,5
109,358,3
109,365,2
110,2,2
110,17,3
110,29,1
110,29,3
110,37,3
110,79,5
110,107,4
110,113,4
110,123,4
110,184,4
110,185,4
110,197,4
110,199,5
110,207,3
110,233,2
110,235,2
110,248,2
110,251,1
110,290,2
110,302,3
110,317,2
110,332,3
110,339,4
110,355,1
111,4,3
111,25,3
111,31,4
111,40,4
111,61,3
111,63,4
111,119,4
111,121,1
111,131,3
111,133,3
111,176,5
111,177,5
111,233,1
111,242,4
111,254,5
111,255,3
111,256,5
111,258,5
111,279,4
111,297,1
111,300,5
111,328,3
111,351,2
112,8,4
112,22,1
112,26,3
112,27,2
112,33,2
112,35,1
112,70,4
112,76,4
112,82,1
112,90,1
112,92,2
112,149,2
112,149,2
112,159,5
112,197,3
112,221,3
112,259,5
112,267,1
112,271,1
112,288,4
112,317,4
112,343,4
112,351,5
112,355,3
113,4,5
113,7,3
113,14,4
113,16,3
113,34,1
113,34,1
113,37,2
113,38,5
113,46,1
113,47,4
113,55,2
113,74,2
113,96,2
113,98,2
113,116,5
113,118,5
113,145,2
113,171,5
113,171,4
113,181,1
113,215,1
113,218,4
113,218,4
113,228,4
113,231,1
113,237,2
113,255,5
113,259,3
113,287,5
113,354,4
113,365,1
114,37,2
114,41,1
114,47,3
114,68,3
114,79,3
114,81,3
114,127,4
114,144,3
114,157,2
114,166,5
114,167,3
114,173,1
114,180,2
114,190,2
114,239,2
114,252,2
114,263,5
114,280,4
114,282,5
114,297,4
114,316,4
114,319,5
114,320,4
114,323,2
114,324,5
114,325,3
114,333,2
114,339,5
114,367,2
115,18,5
115,23,5
115,55,3
115,69,5
115,92,5
115,106,3
115,111,4
115,124,3
115,126,1
115,134,4
115,147,5
115,151,2
115,165,3
115,172,3
115,178,3
115,193,4
115,203,4
115,217,3
115,336,2
115,369,4
116,5,2
116,21,1
116,25,5
116,30,3
116,43,3
116,50,4
116,82,3
116,84,4
116,91,3
116,114,3
116,117,3
116,153,1
116,171,5
116,172,3
116,173,2
116,176,4
116,181,1
116,183,1
116,191,1
116,240,1
116,242,4
116,259,3
116,259,3
116,263,2
116,288,2
116,298,2
116,308,3
116,319,4
116,320,3
116,325,1
116,336,2
116,359,3
116,366,2
117,9,2
117,29,1
117,50,1
117,78,2
117,93,2
117,102,5
117,120,1
117,129,4
117,132,4
117,159,1
117,159,5
117,165,5
117,167,1
117,185,2
117,189,4
117,206,1
117,218,4
117,226,4
117,229,4
117,230,3
117,237,3
117,254,4
117,261,5
117,279,3
117,282,3
117,298,2
117,307,4
117,332,5
117,346,5
117,360,1
117,368,2
117,369,4
118,1,4
118,8,2
118,21,4
118,73,1
118,80,2
118,138,2
118,146,3
118,157,4
118,159,5
118,167,5
118,195,4
118,202,2
118,235,2
118,243,1
118,253,2
118,265,4
118,312,5
118,323,4
118,345,5
118,349,4
118,352,2
118,354,1
119,14,1
119,17,2
119,24,3
119,34,5
119,35,3
119,49,1
119,53,1
119,104,2
119,104,1
119,118,4
119,175,4
119,178,4
119,193,3
119,203,1
119,241,1
119,246,4
119,259,3
119,269,2
119,272,2
119,295,5
119,305,4
119,308,4
120,5,1
120,11,2
120,15,1
120,16,2
120,28,5
120,34,3
120,36,3
120,38,1
120,40,3
120,41,5
120,41,2
120,61,1
120,65,3
120,155,5
120,169,5
120,177,2
120,216,5
120,234,1
120,247,1
120,285,4
120,285,5
120,297,2
120,311,3
120,325,2
120,334,5
120,343,3
120,352,4
121,10,3
121,16,3
121,28,4
121,39,3
121,55,5
121,59,5
121,61,4
121,69,3
121,86,3
121,116,1
121,148,4
121,223,2
121,245,4
121,253,2
121,336,3
121,339,3
121,340,3
121,348,5
121,362,1
121,366,3
122,10,3
122,48,4
122,79,5
122,116,5
122,134,4
122,180,5
122,194,1
122,206,4
122,207,4
122,226,2
122,230,2
122,252,1
122,254,5
122,257,4
122,265,1
122,278,3
122,288,3
122,291,2
122,292,2
122,302,2
122,323,3
122,341,4
122,352,5
122,357,1
122,359,4
122,365,4
123,7,4
123,17,4
123,19,1
123,63,2
123,66,1
123,68,1
123,74,1
123,76,5
123,83,1
123,101,1
123,102,1
123,111,2
123,145,2
123,176,2
123,192,1
123,211,1
123,212,1
123,226,5
123,232,2
123,233,4
123,241,2
123,279,1
123,284,4
123,289,1
123,291,3
123,294,3
123,295,3
123,299,1
124,9,5
124,45,3
124,45,1
124,51,1
124,97,3
124,106,5
124,128,2
124,150,2
124,155,2
124,156,5
124,157,2
124,158,3
124,171,2
124,178,5
124,211,3
124,211,2
124,221,1
124,227,1
124,231,4
124,237,2
124,253,3
124,269,2
124,296,4
124,302,1
124,319,3
124,329,4
124,330,2
124,331,4
124,336,4
124,341,3
124,345,2
124,350,2
125,13,1
125,21,2
125,37,3
125,38,3
125,42,1
125,64,2
125,72,4
125,84,5
125,90,3
125,101,4
125,126,3
125,141,4
125,162,4
125,170,5
125,171,5
125,202,1
125,219,5
125,244,2
125,248,3
125,250,1
125,253,5
125,273,1
125,286,1
125,309,5
125,316,1
125,326,1
126,7,4
126,10,5
126,43,1
126,54,1
126,58,2
126,59,2
126,69,2
126,89,2
126,107,5
126,111,4
126,118,5
126,118,5
126,125,5
126,135,3
126,145,4
126,147,1
126,150,1
126,169,5
126,174,1
126,178,1
126,186,3
126,193,2
126,195,5
126,206,5
126,215,4
126,216,1
126,233,4
126,253,4
126,282,3
126,307,4
126,322,4
126,322,5
126,325,5
126,337,2
126,349,5
126,369,4
126,369,3
127,4,4
127,5,2
127,9,4
127,33,3
127,48,3
127,49,1
127,60,3
127,97,3
127,103,2
127,113,2
127,128,4
127,129,1
127,149,3
127,155,4
127,157,4
127,162,5
127,169,1
127,173,2
127,174,5
127,179,4
127,179,3
127,189,5
127,203,1
127,222,4
127,245,1
127,252,4
127,274,3
127,279,4
127,300,4
127,334,2
128,28,5
128,29,3
128,38,1
128,45,1
128,64,4
128,108,5
128,129,3
128,149,4
128,175,1
128,192,2
128,194,4
128,196,4
128,207,1
128,224,4
128,233,4
128,241,2
128,270,2
128,286,1
128,294,2
128,300,4
128,302,3
128,305,4
128,309,3
128,334,2
128,342,5
128,342,2
128,348,1
128,358,4
128,371,1
129,6,3
129,7,3
129,29,3
129,43,5
129,55,2
129,80,2
129,108,2
129,141,2
129,147,4
129,148,3
129,150,5
129,155,5
129,161,2
129,163,1
129,169,4
129,193,2
129,211,4
129,223,3
129,261,4
129,272,5
129,295,5
129,319,3
129,333,2
129,336,5
129,356,5
129,366,2
129,371,2
130,13,5
130,43,2
130,44,3
130,50,5
130,52,5
130,63,2
130,111,3
130,148,5
130,180,2
130,183,4
130,190,2
130,206,5
130,222,1
130,230,5
130,231,1
130,271,4
130,276,2
130,279,3
130,299,3
130,303,2
130,354,4
130,368,5
131,15,1
131,19,1
131,22,2
131,25,1
131,26,1
131,83,4
131,99,5
131,111,4
131,113,4
131,114,4
131,118,1
131,121,4
131,138,1
131,157,4
131,158,2
131,169,2
131,219,2
131,239,2
131,244,4
131,244,4
131,293,2
131,297,4
131,301,2
131,302,2
131,303,5
131,313,1
131,325,4
131,329,3
131,335,1
131,369,2
132,24,3
132,35,5
132,42,3
132,55,3
132,65,3
132,76,1
132,85,3
132,118,1
132,135,1
132,172,5
132,177,1
132,201,5
132,213,4
132,221,1
132,252,3
132,273,2
132,304,3
132,316,4
132,347,1
132,350,3
132,364,2
132,367,5
132,368,3
133,39,4
133,47,3
133,48,2
133,66,1
133,102,1
133,104,3
133,114,1
133,147,3
133,180,1
133,191,5
133,205,5
133,208,2
133,208,4
133,213,4
133,225,2
133,237,2
133,252,5
133,258,4
133,272,3
133,273,1
133,279,5
133,280,3
133,295,1
133,307,4
133,307,4
133,315,5
133,357,5
133,370,3
133,371,1
134,2,3
134,7,5
134,16,4
134,36,5
134,53,2
134,62,1
134,84,4
134,86,1
134,107,3
134,107,4
134,112,4
134,113,5
134,121,3
134,122,2
134,128,5
134,141,3
134,162,2
134,169,2
134,175,3
134,179,2
134,195,5
134,198,3
134,206,3
134,215,3
134,228,3
134,232,1
134,271,3
134,290,2
134,298,1
134,348,1
134,353,4
134,360,4
135,11,2
135,22,5
135,29,4
135,56,4
135,82,4
135,92,1
135,93,2
135,96,5
135,102,4
135,108,2
135,126,4
135,132,5
135,145,2
135,165,2
135,174,3
135,178,2
135,196,2
135,209,1
135,211,1
135,216,2
135,231,3
135,252,1
135,292,5
135,307,2
135,314,3
135,324,3
135,337,4
135,358,3
135,361,1
135,363,4
135,368,3
135,368,5
136,10,2
136,20,4
136,25,1
136,36,1
136,58,3
136,67,4
136,70,4
136,72,2
136,75,3
136,81,2
136,89,2
136,116,2
136,136,1
136,143,2
136,187,2
136,188,2
136,190,4
136,201,2
136,254,2
136,256,4
136,261,3
136,272,1
136,274,2
136,276,3
136,279,2
136,280,4
136,281,5
136,287,4
136,337,1
136,354,3
136,356,1
136,362,4
137,2,1
137,21,4
137,27,5
137,27,5
137,36,3
137,53,4
137,66,4
137,66,2
137,79,5
137,81,1
137,98,2
137,99,4
137,141,2
137,141,1
137,149,1
137,168,3
137,170,1
137,185,3
137,234,1
137,252,5
137,258,3
137,288,4
137,288,3
137,289,4
137,295,5
137,306,1
137,321,5
137,343,2
137,344,4
137,350,4
137,370,5
137,371,5
138,18,3
138,48,1
138,69,3
138,81,4
138,86,1
138,107,4
138,112,3
138,115,5
138,134,3
138,146,1
138,161,1
138,177,2
138,180,2
138,182,1
138,198,2
138,226,5
138,227,5
138,239,2
138,239,1
138,241,4
138,246,3
138,246,1
138,248,4
138,288,5
138,310,3
138,315,5
138,318,4
138,337,2
138,340,5
138,340,4
138,357,5
138,359,2
139,5,5
139,37,5
139,98,2
139,103,2
139,114,5
139,114,4
139,141,4
139,142,2
139,143,1
139,145,5
139,154,1
139,154,4
139,168,4
139,171,4
139,172,2
139,178,5
139,209,1
139,214,2
139,223,1
139,224,5
139,250,2
139,278,2
139,279,5
139,282,4
139,283,3
139,298,5
139,307,1
139,331,1
139,335,2
139,347,5
139,362,3
139,364,4
140,9,1
140,13,4
140,46,4
140,51,1
140,64,2
140,65,2
140,68,5
140,75,1
140,76,1
140,85,3
140,87,1
140,119,5
140,128,1
140,136,4
140,143,5
140,157,5
140,159,5
140,182,5
140,187,3
140,227,4
140,234,1
140,262,1
140,277,5
140,304,3
140,315,3
140,330,5
140,331,1
141,51,5
141,58,3
141,66,5
141,84,2
141,95,5
141,120,5
141,121,3
141,143,3
141,149,4
141,186,4
141,196,2
141,226,3
141,226,2
141,235,3
141,241,1
141,254,2
141,258,3
141,259,4
141,262,4
141,264,4
141,292,5
141,304,3
141,320,1
141,344,1
141,355,3
141,366,5
142,7,3
142,15,2
142,19,1
142,19,3
142,26,3
142,46,3
142,51,3
142,55,5
142,58,5
142,87,3
142,106,4
142,114,4
142,116,1
142,135,2
142,143,3
142,154,3
142,169,1
142,179,2
142,184,1
142,199,2
142,204,5
142,205,2
142,221,5
142,244,1
142,256,2
142,268,2
142,282,4
142,294,1
142,320,3
142,329,2
142,331,1
142,349,2
142,353,3
142,353,4
142,366,2
142,366,1
143,4,5
143,33,2
143,42,3
143,57,5
143,73,1
143,91,1
143,91,2
143,92,5
143,93,3
143,96,1
143,100,5
143,108,5
143,127,5
143,127,5
143,131,2
143,132,5
143,148,1
143,151,2
143,155,2
143,160,3
143,162,2
143,194,5
143,196,2
143,218,1
143,232,4
143,234,4
143,241,5
143,275,4
143,276,4
143,287,3
143,288,2
143,290,3
143,300,1
143,302,2
143,314,5
143,315,5
143,340,4
143,346,2
143,351,5
143,355,1
143,363,4
144,27,5
144,38,5
144,38,4
144,40,3
144,54,3
144,63,4
144,64,1
144,67,2
144,111,4
144,112,5
144,119,3
144,126,4
144,136,2
144,143,2
144,146,5
144,167,5
144,186,1
144,193,1
144,201,2
144,201,2
144,206,2
144,213,2
144,216,5
144,250,2
144,250,2
144,276,4
144,284,2
144,294,3
144,301,2
144,330,5
144,342,2
144,344,5
144,351,3
144,356,3
144,367,5
144,368,3
144,368,4
145,27,4
145,53,3
145,53,2
145,70,1
145,78,2
145,91,2
145,94,5
145,111,1
145,117,3
145,130,4
145,163,5
145,177,3
145,183,4
145,201,2
145,216,3
145,218,2
145,224,5
145,227,3
145,229,3
145,245,3
145,247,3
145,276,4
145,278,1
145,280,2
145,286,4
145,301,4
145,317,2
145,323,3
145,329,1
145,330,5
145,343,1
145,345,3
145,369,2
146,7,2
146,13,1
146,25,1
146,38,2
146,44,5
146,61,2
146,74,3
146,107,2
146,108,3
146,122,5
146,137,5
146,153,1
146,159,5
146,167,2
146,169,4
146,194,3
146,203,1
146,204,1
146,250,5
146,263,4
146,273,2
146,275,3
146,280,1
146,285,1
146,291,2
146,291,2
146,293,4
146,313,1
146,325,5
146,341,2
146,351,2
146,363,1
147,15,1
147,29,2
147,38,4
147,46,1
147,55,4
147,78,3
147,99,1
147,113,4
147,116,2
147,156,5
147,162,4
147,171,4
147,219,4
147,224,2
147,245,5
147,257,5
147,257,2
147,297,2
147,298,2
147,305,5
147,311,2
147,314,4
147,319,2
147,333,4
147,345,2
147,359,3
147,363,5
148,7,3
148,8,1
148,26,2
148,59,1
148,89,3
148,91,1
148,103,3
148,135,3
148,137,4
148,147,2
148,153,1
148,154,1
148,158,1
148,189,3
148,193,3
148,196,4
148,198,5
148,198,2
148,217,3
148,224,4
148,242,3
148,248,5
148,253,4
148,274,4
148,280,5
148,329,5
149,11,1
149,29,5
149,45,3
149,60,2
149,73,2
149,73,2
149,77,2
149,106,1
149,107,1
149,131,5
149,149,2
149,157,5
149,160,4
149,171,2
149,183,3
149,185,2
149,185,4
149,198,2
149,213,5
149,232,1
149,233,2
149,244,5
149,249,1
149,285,1
149,287,4
149,294,5
149,317,5
149,342,3
149,350,3
149,352,3
150,4,4
150,14,4
150,28,4
150,28,4
150,44,3
150,51,5
150,67,3
150,81,4
150,83,5
150,122,1
150,156,3
150,165,2
150,166,2
150,180,1
150,189,2
150,217,3
150,220,5
150,239,5
150,292,4
150,311,4
150,320,4
150,332,5
150,333,4
150,338,3
150,341,4
150,369,2
150,371,5
151,14,5
151,19,1
151,80,1
151,96,4
151,105,4
151,121,1
151,129,1
151,178,5
151,179,2
151,180,5
151,213,3
151,217,5
151,227,5
151,238,3
151,259,3
151,332,3
151,358,5
151,362,5
152,17,4
152,115,1
152,117,5
152,122,2
152,132,3
152,142,3
152,177,3
152,186,5
152,204,3
152,207,5
152,208,2
152,217,5
152,224,1
152,233,2
152,240,5
152,255,3
152,259,5
152,259,1
152,273,3
152,291,1
152,313,5
152,322,3
152,322,3
152,332,2
152,343,2
152,369,3
153,16,1
153,18,2
153,20,4
153,30,4
153,51,3
153,59,1
153,60,3
153,96,2
153,139,5
153,150,5
153,156,3
153,176,1
153,183,4
153,183,5
153,222,1
153,227,3
153,264,3
153,269,3
153,271,5
153,344,1
153,347,1
154,2,3
154,32,4
154,68,3
154,72,5
154,88,3
154,136,4
154,147,1
154,157,5
154,160,4
154,165,5
154,210,5
154,224,4
154,226,4
154,231,2
154,240,3
154,294,3
154,298,5
154,303,4
154,306,4
154,324,3
154,327,5
154,329,1
154,335,2
155,17,5
155,23,2
155,73,3
155,89,1
155,114,2
155,129,1
155,130,3
155,130,3
155,137,2
155,197,1
155,205,4
155,209,4
155,228,1
155,228,4
155,229,4
155,233,3
155,248,1
155,306,3
155,307,4
155,311,2
155,317,4
155,321,5
155,332,5
155,338,1
155,338,2
155,347,2
156,6,5
156,8,5
156,9,1
156,42,2
156,45,3
156,55,1
156,59,5
156,62,3
156,74,3
156,77,5
156,77,1
156,96,1
156,142,4
156,146,5
156,150,5
156,162,4
156,198,5
156,201,1
156,201,2
156,201,1
156,220,2
156,260,4
156,271,3
156,324,5
156,338,4
156,351,4
157,33,3
157,36,2
157,36,2
157,48,1
157,53,4
157,59,4
157,69,3
157,85,4
157,93,5
157,106,1
157,112,5
157,142,4
157,148,1
157,149,3
157,170,3
157,180,1
157,196,3
157,202,5
157,214,4
157,221,4
157,227,5
157,228,1
157,236,4
157,262,3
157,289,5
157,307,3
157,317,3
157,317,4
157,330,2
157,335,5
157,350,3
157,350,3
157,360,1
157,368,5
158,22,1
158,61,5
158,77,1
158,81,5
158,82,2
158,83,5
158,105,2
158,111,3
158,133,1
158,138,4
158,149,4
158,153,3
158,158,4
158,168,1
158,175,1
158,194,3
158,201,1
158,203,1
158,233,2
158,233,3
158,242,4
158,311,5
158,312,2
158,314,3
158,325,5
158,333,5
158,334,3
158,347,1
158,347,5
159,1,1
159,35,3
159,56,2
159,69,4
159,85,4
159,100,5
159,101,4
159,102,4
159,103,4
159,111,2
159,117,2
159,135,3
159,151,1
159,152,5
159,158,2
159,159,2
159,165,2
159,166,1
159,172,5
159,178,1
159,193,5
159,204,4
159,223,5
159,235,5
159,246,1
159,246,4
159,270,1
159,284,2
159,294,1
159,316,4
159,316,2
159,318,2
159,324,1
159,326,1
159,348,3
159,355,1
159,361,3
160,2,2
160,2,3
160,8,3
160,34,2
160,35,3
160,74,1
160,87,3
160,99,5
160,104,4
160,116,5
160,124,5
160,129,5
160,134,1
160,153,5
160,172,2
160,195,5
160,201,2
160,201,2
160,205,1
160,211,5
160,215,2
160,219,1
160,219,2
160,222,2
160,223,3
160,230,5
160,241,1
160,243,2
160,259,1
160,268,2
160,292,2
160,292,3
160,357,2
160,367,1
160,369,1
161,6,5
161,7,1
161,30,4
161,52,5
161,56,3
161,56,5
161,58,1
161,106,4
161,123,4
161,124,2
161,137,1
161,138,4
161,196,1
161,211,4
161,218,1
161,233,2
161,238,4
161,249,1
161,260,2
161,285,1
161,295,2
161,324,5
161,326,3
161,330,5
161,330,1
161,336,5
161,354,4
161,355,3
161,355,5
162,1,5
162,13,4
162,15,4
162,23,2
162,34,5
162,36,3
162,40,2
162,48,2
162,55,2
162,69,3
162,86,4
162,86,3
162,94,3
162,138,5
162,139,5
162,155,3
162,160,2
162,161,1
162,167,3
162,169,3
162,174,5
162,185,4
162,193,5
162,238,1
162,250,2
162,261,5
162,277,3
162,342,1
162,354,4
162,366,4
162,367,2
163,18,3
163,22,1
163,24,4
163,30,5
163,38,1
163,41,1
163,47,4
163,59,4
163,79,3
163,91,2
163,94,5
163,100,2
163,108,5
163,114,2
163,120,4
163,121,3
163,128,5
163,133,2
163,140,5
163,176,5
163,178,1
163,206,3
163,258,5
163,302,1
163,322,5
163,325,5
163,330,1
163,347,5
163,371,1
164,7,4
164,24,5
164,26,4
164,31,1
164,35,1
164,58,2
164,68,2
164,79,4
164,84,2
164,100,1
164,102,4
164,129,3
164,134,5
164,169,2
164,182,1
164,186,4
164,208,2
164,219,5
164,231,5
164,248,3
164,249,4
164,249,5
164,264,4
164,291,4
164,295,3
164,298,1
164,312,1
164,333,3
164,348,2
164,354,3
164,363,3
165,20,5
165,52,5
165,53,2
165,85,4
165,88,3
165,97,5
165,146,3
165,149,4
165,150,1
165,151,3
165,153,1
165,157,5
165,160,2
165,162,2
165,168,2
165,178,1
165,188,2
165,188,3
165,204,5
165,205,4
165,216,4
165,221,3
165,253,2
165,275,2
165,282,2
165,319,2
165,333,4
165,337,1
165,344,4
165,367,4
166,41,5
166,41,4
166,59,3
166,95,3
166,131,4
166,141,4
166,151,1
166,153,3
166,168,5
166,168,4
166,190,4
166,251,4
166,262,1
166,262,1
166,265,3
166,302,1
166,328,5
166,332,1
166,333,4
166,344,2
166,355,5
166,358,2
166,360,2
166,371,5
167,1,5
167,36,3
167,54,3
167,55,1
167,64,4
167,74,2
167,82,4
167,86,2
167,90,4
167,105,5
167,113,4
167,118,4
167,147,1
167,150,4
167,155,2
167,191,4
167,203,3
167,232,5
167,240,2
167,243,5
167,256,3
167,265,3
167,266,2
167,280,3
167,303,1
167,309,1
167,316,4
167,333,5
167,346,2
167,347,4
167,351,4
167,362,2
167,364,1
168,13,5
168,17,5
168,27,5
168,33,2
168,45,1
168,46,2
168,50,5
168,50,3
168,61,1
168,64,3
168,91,3
168,96,4
168,127,2
168,136,4
168,148,4
168,155,4
168,160,5
168,162,2
168,164,4
168,199,2
168,202,4
168,203,3
168,218,5
168,232,3
168,244,2
168,257,4
168,261,4
168,282,4
168,284,3
168,290,1
168,298,5
168,300,3
168,304,5
168,305,1
168,326,4
168,326,3
168,335,4
168,341,1
168,346,5
168,356,5
168,357,1
169,1,5
169,7,1
169,12,1
169,21,5
169,34,1
169,58,2
169,74,5
169,109,3
169,125,5
169,131,1
169,153,2
169,161,4
169,180,3
169,183,4
169,206,5
169,241,5
169,256,1
169,271,2
169,274,1
169,279,4
169,293,3
169,295,3
169,332,5
169,338,1
169,348,3
169,349,2
169,362,5
169,363,5
170,6,1
170,8,3
170,11,4
170,13,3
170,30,1
170,72,3
170,76,4
170,101,1
170,155,1
170,160,3
170,165,2
170,193,5
170,198,2
170,201,2
170,201,4
170,208,2
170,228,2
170,230,5
170,230,4
170,237,1
170,250,1
170,259,4
170,260,3
170,264,2
170,265,2
170,267,1
170,271,4
170,274,2
170,296,4
170,298,1
170,309,5
170,325,1
170,330,3
170,338,5
170,350,5
170,355,1
170,357,2
170,368,2
170,369,4
171,4,1
171,56,2
171,71,4
171,80,5
171,86,4
171,95,2
171,115,5
171,138,2
171,166,2
171,181,5
171,181,1
171,191,4
171,217,3
171,220,2
171,233,3
171,240,5
171,244,4
171,258,1
171,263,5
171,264,3
171,269,3
171,277,4
171,283,3
171,298,3
171,308,4
171,327,1
171,332,1
171,334,3
172,22,3
172,29,2
172,30,2
172,39,3
172,43,3
172,49,2
172,93,2
172,129,4
172,133,3
172,134,4
172,142,2
172,148,2
172,148,4
172,166,5
172,175,1
172,180,3
172,181,2
172,182,5
172,183,4
172,210,3
172,216,1
172,245,3
172,262,4
172,325,5
173,20,4
173,50,2
173,60,1
173,77,5
173,98,1
173,109,2
173,118,5
173,123,3
173,133,1
173,154,2
173,177,4
173,193,4
173,206,3
173,212,1
173,214,4
173,221,2
173,225,3
173,228,1
173,231,4
173,234,1
173,239,2
173,250,5
173,275,1
173,279,3
173,318,4
173,320,1
173,333,5
173,344,1
173,352,2
173,367,4
173,367,2
174,10,1
174,17,1
174,57,3
174,67,1
174,79,4
174,107,2
174,108,1
174,114,2
174,115,2
174,115,1
174,126,2
174,128,5
174,142,1
174,144,4
174,148,2
174,152,5
174,172,5
174,183,3
174,207,2
174,207,5
174,210,4
174,259,3
174,269,5
174,296,3
174,298,5
174,309,2
174,313,5
174,346,1
175,2,1
175,8,2
175,10,4
175,25,3
175,38,3
175,39,3
175,42,4
175,52,5
175,71,4
175,76,5
175,77,2
175,96,4
175,119,1
175,123,1
175,149,2
175,153,3
175,154,2
175,156,2
175,158,3
175,170,4
175,175,3
175,196,5
175,200,3
175,209,1
175,261,5
175,272,3
175,312,2
175,328,1
175,332,5
175,367,4
176,20,1
176,21,5
176,48,1
176,48,2
176,50,3
176,56,1
176,59,1
176,73,1
176,75,3
176,77,5
176,100,5
176,126,4
176,132,5
176,170,5
176,182,4
176,196,3
176,253,4
176,260,5
176,264,1
176,275,5
176,322,5
176,340,5
176,343,1
176,346,1
176,350,4
177,16,5
177,28,4
177,62,5
177,66,3
177,100,5
177,119,1
177,129,4
177,158,3
177,173,1
177,197,4
177,201,5
177,218,1
177,241,4
177,244,4
177,244,2
177,254,5
177,270,3
177,274,4
177,277,5
177,294,4
177,296,1
177,308,3
177,322,3
177,334,3
177,336,4
177,343,4
177,369,2
178,42,3
178,45,4
178,53,5
178,79,1
178,83,3
178,94,2
178,94,1
178,95,5
178,100,4
178,122,3
178,127,2
178,131,1
178,139,1
178,145,4
178,151,5
178,156,3
178,160,3
178,166,1
178,168,4
178,188,5
178,189,4
178,193,2
178,231,1
178,233,2
178,235,1
178,246,5
178,248,3
178,270,5
178,297,3
178,308,1
178,323,1
178,336,3
178,368,4
179,5,5
179,47,4
179,54,3
179,55,3
179,55,5
179,62,1
179,73,3
179,73,4
179,83,5
179,123,1
179,145,2
179,163,2
179,185,2
179,195,5
179,210,1
179,219,1
179,220,4
179,221,1
179,251,5
179,260,5
179,274,1
179,295,3
179,311,1
179,327,1
179,350,2
179,351,4
179,355,2
179,359,4
180,22,5
180,30,3
180,38,4
180,38,3
180,47,3
180,55,1
180,75,4
180,78,4
180,106,3
180,133,1
180,138,5
180,174,1
180,208,3
180,248,1
180,273,2
180,281,4
180,289,1
180,297,1
180,317,1
180,327,2
180,341,3
181,8,5
181,23,4
181,36,1
181,57,4
181,66,4
181,67,2
181,83,1
181,87,2
181,111,2
181,137,4
181,189,1
181,195,1
181,214,2
181,225,3
181,236,5
181,238,5
181,240,1
181,244,5
181,246,3
181,248,3
181,255,3
181,256,1
181,271,4
181,278,3
181,295,4
181,296,5
181,311,5
181,314,4
181,318,1
181,331,4
181,343,2
182,6,2
182,16,1
182,24,3
182,25,1
182,28,3
182,44,3
182,45,4
182,57,2
182,63,4
182,80,4
182,80,3
182,85,1
182,89,5
182,152,3
182,176,4
182,197,3
182,229,5
182,244,5
182,245,1
182,255,2
182,261,2
182,265,2
182,266,3
182,275,3
182,275,1
182,288,2
182,304,4
182,350,4
182,355,1
182,366,5
183,5,2
183,46,1
183,104,3
183,107,5
183,119,3
183,130,5
183,136,3
183,142,1
183,143,5
183,179,1
183,186,4
183,190,4
183,199,2
183,222,4
183,222,2
183,241,2
183,255,3
183,260,3
183,279,1
183,300,4
183,306,4
183,313,3
184,6,5
184,11,1
184,12,4
184,17,2
184,26,5
184,29,2
184,36,5
184,36,5
184,39,4
184,61,5
184,66,3
184,87,4
184,87,4
184,89,3
184,90,3
184,103,4
184,125,1
184,126,1
184,150,3
184,167,3
184,171,3
184,173,3
184,186,4
184,192,2
184,198,3
184,201,5
184,208,4
184,226,1
184,245,1
184,252,3
184,269,2
184,282,2
184,322,4
184,332,2
184,338,2
184,345,3
184,366,5
184,369,3
185,3,1
185,8,2
185,18,4
185,23,4
185,28,5
185,31,5
185,33,2
185,90,5
185,104,1
185,106,1
185,123,1
185,124,2
185,126,5
185,128,4
185,144,4
185,150,3
185,173,3
185,176,1
185,184,1
185,187,2
185,200,3
185,218,3
185,257,2
185,285,3
185,291,3
185,318,2
185,318,2
185,334,4
185,346,2
185,353,3
186,17,1
186,18,4
186,29,2
186,42,4
186,66,1
186,71,4
186,73,4
186,76,3
186,88,1
186,97,4
186,127,4
186,138,1
186,146,5
186,158,5
186,174,2
186,220,3
186,239,5
186,254,3
186,265,4
186,334,4
186,348,4
186,361,2
186,363,5
186,367,5
187,1,4
187,14,1
187,27,4
187,31,3
187,42,5
187,53,5
187,73,1
187,102,3
187,106,5
187,118,3
187,133,3
187,143,3
187,162,3
187,174,1
187,198,2
187,210,2
187,225,3
187,226,5
187,258,1
187,258,3
187,259,1
187,259,3
187,260,2
187,284,2
187,290,5
187,297,5
187,299,3
187,306,2
187,326,2
187,329,2
187,335,4
187,336,4
187,344,3
187,368,3
188,2,1
188,22,3
188,22,3
188,24,1
188,42,1
188,58,4
188,72,1
188,76,1
188,78,2
188,118,4
188,132,1
188,146,2
188,167,4
188,177,3
188,179,1
188,203,1
188,207,3
188,232,5
188,273,1
188,294,5
188,294,3
188,298,2
188,319,2
188,359,4
189,1,5
189,3,4
189,44,3
189,50,5
189,54,2
189,64,4
189,87,2
189,89,1
189,108,5
189,115,5
189,155,5
189,162,1
189,173,1
189,173,3
189,187,5
189,197,4
189,201,5
189,204,2
189,212,3
189,215,2
189,223,2
189,227,4
189,244,3
189,247,1
189,267,1
189,277,3
189,302,4
189,305,3
189,320,3
189,328,5
189,331,5
189,356,4
190,3,1
190,36,4
190,62,2
190,63,5
190,65,3
190,75,1
190,78,2
190,89,5
190,105,2
190,120,5
190,124,1
190,140,3
190,166,4
190,170,1
190,184,5
190,208,4
190,210,5
190,220,3
190,222,5
190,225,1
190,238,4
190,246,3
190,275,1
190,309,2
190,319,5
190,345,5
190,346,2
191,25,3
191,38,5
191,49,2
191,83,2
191,106,4
191,159,1
191,178,3
191,178,5
191,181,1
191,200,4
191,222,1
191,239,5
191,274,3
191,310,5
191,321,5
191,344,1
191,358,3
191,368,1
192,19,5
192,33,5
192,36,1
192,39,1
192,45,2
192,63,3
192,101,2
192,107,2
192,114,4
192,115,1
192,116,3
192,150,2
192,154,5
192,155,1
192,155,4
192,179,4
192,180,4
192,187,5
192,197,1
192,221,4
192,227,2
192,251,3
192,263,5
192,288,1
192,306,1
192,317,2
192,318,3
192,333,4
192,354,1
192,355,5
192,364,5
192,370,3
193,21,2
193,47,2
193,48,2
193,50,1
193,50,1
193,58,2
193,61,3
193,69,2
193,79,4
193,88,4
193,109,3
193,133,2
193,141,4
193,142,5
193,158,4
193,173,5
193,202,3
193,210,1
193,216,5
193,217,3
193,307,1
193,322,2
193,356,2
193,358,4
193,365,1
193,366,1
193,369,4
194,11,1
194,15,3
194,34,2
194,44,5
194,55,4
194,76,2
194,91,5
194,106,1
194,109,5
194,115,4
194,116,3
194,154,4
194,164,5
194,177,3
194,187,1
194,204,1
194,226,1
194,229,4
194,244,3
194,253,5
194,258,1
194,260,5
194,263,4
194,276,2
194,297,1
194,307,1
194,312,5
194,315,1
194,340,2
194,342,5
194,348,1
194,367,5
194,369,4
194,370,5
195,8,4
195,8,5
195,12,1
195,23,2
195,36,3
195,46,3
195,53,1
195,68,3
195,81,5
195,90,4
195,92,5
195,98,5
195,102,3
195,115,2
195,135,3
195,137,4
195,149,1
195,181,3
195,187,4
195,191,1
195,197,2
195,204,4
195,212,3
195,245,5
195,248,4
195,249,5
195,262,1
195,290,3
195,294,4
195,316,2
195,321,3
195,331,1
195,339,1
195,344,2
195,352,2
195,355,2
195,364,1
196,7,2
196,13,1
196,19,2
196,22,5
196,24,4
196,24,4
196,27,1
196,36,4
196,49,2
196,91,2
196,112,5
196,125,4
196,177,5
196,185,1
196,216,5
196,233,2
196,239,3
196,251,5
196,271,2
196,281,2
196,304,1
196,316,3
196,318,3
196,319,3
196,336,2
196,352,5
197,16,4
197,38,1
197,66,3
197,82,4
197,93,1
197,99,4
197,125,1
197,137,1
197,142,5
197,151,3
197,177,2
197,198,5
197,203,4
197,214,5
197,222,4
197,268,3
197,284,3
197,295,2
197,299,5
197,300,5
197,331,1
197,343,2
197,368,3
198,12,1
198,13,3
198,25,2
198,45,3
198,49,1
198,61,4
198,75,2
198,80,2
198,89,5
198,91,3
198,97,5
198,125,1
198,134,3
198,187,5
198,191,2
198,197,4
198,201,3
198,208,4
198,208,5
198,222,3
198,247,1
198,274,1
198,294,2
198,294,3
198,297,3
198,297,2
198,302,3
198,335,1
198,337,3
198,338,3
198,339,5
198,356,2
198,365,4
199,38,3
199,47,4
199,56,1
199,73,3
199,87,4
199,93,3
199,94,5
199,135,3
199,165,3
199,170,2
199,185,2
199,189,1
199,197,3
199,204,3
199,207,5
199,209,1
199,209,2
199,213,1
199,251,3
199,292,4
199,298,3
199,314,3
199,341,5
199,343,4
199,363,1
199,368,4
200,39,4
200,43,2
200,165,2
200,166,5
200,167,4
200,170,2
200,184,2
200,191,1
200,199,3
200,207,2
200,220,5
200,226,4
200,243,4
200,245,3
200,247,4
200,258,5
200,259,5
200,265,1
200,273,4
200,277,1
200,279,4
200,281,1
200,294,1
200,296,1
200,299,5
200,309,1
200,323,4
200,328,3
200,329,1
200,332,2
200,335,3
200,336,3
200,337,2
200,355,2